date,machine_id,machine_name,site,temperature_c,vibration_mm_s,pressure_bar,rpm,failure_event,machine_age_yrs,health_score
2024-01-01,MCH-001,CNC Milling Unit A,Berlin,62.75,1.072,5.76,2122.0,0,3.2,94
2024-01-02,MCH-001,CNC Milling Unit A,Berlin,61.65,1.053,6.13,2061.0,0,3.2,94
2024-01-03,MCH-001,CNC Milling Unit A,Berlin,61.3,1.209,5.31,1963.0,0,3.2,94
2024-01-04,MCH-001,CNC Milling Unit A,Berlin,62.36,0.717,4.81,1955.0,0,3.2,94
2024-01-05,MCH-001,CNC Milling Unit A,Berlin,60.48,1.163,5.14,1887.0,0,3.2,94
2024-01-06,MCH-001,CNC Milling Unit A,Berlin,64.2,1.055,5.53,1886.0,0,3.2,94
2024-01-07,MCH-001,CNC Milling Unit A,Berlin,61.18,1.122,5.04,2030.0,0,3.2,94
2024-01-08,MCH-001,CNC Milling Unit A,Berlin,61.1,1.042,5.26,2148.0,0,3.2,94
2024-01-09,MCH-001,CNC Milling Unit A,Berlin,61.98,0.888,5.83,1902.0,0,3.2,94
2024-01-10,MCH-001,CNC Milling Unit A,Berlin,62.31,0.708,4.97,2016.0,0,3.2,94
2024-01-11,MCH-001,CNC Milling Unit A,Berlin,63.11,1.134,5.45,1976.0,0,3.2,94
2024-01-12,MCH-001,CNC Milling Unit A,Berlin,59.78,0.956,5.32,2085.0,0,3.2,94
2024-01-13,MCH-001,CNC Milling Unit A,Berlin,62.52,0.747,5.63,1969.0,0,3.2,94
2024-01-14,MCH-001,CNC Milling Unit A,Berlin,60.98,1.222,5.91,2075.0,0,3.2,94
2024-01-15,MCH-001,CNC Milling Unit A,Berlin,60.74,1.038,5.63,2078.0,0,3.2,94
2024-01-16,MCH-001,CNC Milling Unit A,Berlin,61.28,1.063,5.06,1904.0,0,3.2,94
2024-01-17,MCH-001,CNC Milling Unit A,Berlin,63.22,1.371,5.47,2080.0,0,3.2,94
2024-01-18,MCH-001,CNC Milling Unit A,Berlin,62.54,0.971,5.64,2123.0,0,3.2,94
2024-01-19,MCH-001,CNC Milling Unit A,Berlin,61.95,1.413,4.45,2066.0,0,3.2,94
2024-01-20,MCH-001,CNC Milling Unit A,Berlin,62.13,1.04,5.54,1841.0,0,3.2,94
2024-01-21,MCH-001,CNC Milling Unit A,Berlin,61.67,1.171,6.09,1959.0,0,3.2,94
2024-01-22,MCH-001,CNC Milling Unit A,Berlin,60.79,1.0,5.87,2026.0,0,3.2,94
2024-01-23,MCH-001,CNC Milling Unit A,Berlin,61.21,1.203,5.54,2077.0,0,3.2,94
2024-01-24,MCH-001,CNC Milling Unit A,Berlin,60.95,1.034,5.34,1883.0,0,3.2,94
2024-01-25,MCH-001,CNC Milling Unit A,Berlin,62.44,1.152,5.5,1981.0,0,3.2,94
2024-01-26,MCH-001,CNC Milling Unit A,Berlin,59.88,1.016,5.36,1936.0,0,3.2,94
2024-01-27,MCH-001,CNC Milling Unit A,Berlin,61.76,1.181,6.25,2014.0,0,3.2,94
2024-01-28,MCH-001,CNC Milling Unit A,Berlin,62.39,1.085,4.73,1998.0,0,3.2,94
2024-01-29,MCH-001,CNC Milling Unit A,Berlin,62.09,1.593,5.42,2024.0,0,3.2,94
2024-01-30,MCH-001,CNC Milling Unit A,Berlin,61.95,0.866,5.96,2060.0,0,3.2,94
2024-01-31,MCH-001,CNC Milling Unit A,Berlin,63.19,0.918,6.06,1888.0,0,3.2,94
2024-02-01,MCH-001,CNC Milling Unit A,Berlin,62.88,1.538,5.1,1955.0,0,3.2,94
2024-02-02,MCH-001,CNC Milling Unit A,Berlin,62.15,0.999,4.88,2005.0,0,3.2,94
2024-02-03,MCH-001,CNC Milling Unit A,Berlin,60.41,1.195,5.13,2124.0,0,3.2,94
2024-02-04,MCH-001,CNC Milling Unit A,Berlin,60.83,1.036,5.83,1902.0,0,3.2,94
2024-02-05,MCH-001,CNC Milling Unit A,Berlin,62.34,1.361,4.86,2015.0,0,3.2,94
2024-02-06,MCH-001,CNC Milling Unit A,Berlin,62.39,1.256,5.01,1894.0,0,3.2,94
2024-02-07,MCH-001,CNC Milling Unit A,Berlin,62.78,1.159,5.6,2028.0,0,3.2,94
2024-02-08,MCH-001,CNC Milling Unit A,Berlin,60.98,1.146,5.62,1943.0,0,3.2,94
2024-02-09,MCH-001,CNC Milling Unit A,Berlin,64.8,1.195,5.02,2053.0,0,3.2,94
2024-02-10,MCH-001,CNC Milling Unit A,Berlin,60.54,1.257,5.96,1934.0,0,3.2,94
2024-02-11,MCH-001,CNC Milling Unit A,Berlin,63.45,1.183,5.83,2152.0,0,3.2,94
2024-02-12,MCH-001,CNC Milling Unit A,Berlin,61.63,0.949,5.14,1935.0,0,3.2,94
2024-02-13,MCH-001,CNC Milling Unit A,Berlin,61.88,1.168,5.61,2066.0,0,3.2,94
2024-02-14,MCH-001,CNC Milling Unit A,Berlin,62.02,1.391,5.39,2218.0,0,3.2,94
2024-02-15,MCH-001,CNC Milling Unit A,Berlin,62.94,0.929,5.07,2039.0,0,3.2,94
2024-02-16,MCH-001,CNC Milling Unit A,Berlin,61.66,1.243,5.69,1994.0,0,3.2,94
2024-02-17,MCH-001,CNC Milling Unit A,Berlin,60.73,0.797,5.32,2069.0,0,3.2,94
2024-02-18,MCH-001,CNC Milling Unit A,Berlin,62.32,0.851,5.57,2031.0,0,3.2,94
2024-02-19,MCH-001,CNC Milling Unit A,Berlin,60.67,1.131,5.52,1909.0,0,3.2,94
2024-02-20,MCH-001,CNC Milling Unit A,Berlin,62.54,1.212,5.93,2084.0,0,3.2,94
2024-02-21,MCH-001,CNC Milling Unit A,Berlin,59.93,0.912,5.71,2041.0,0,3.2,94
2024-02-22,MCH-001,CNC Milling Unit A,Berlin,62.77,1.871,5.73,2091.0,0,3.2,94
2024-02-23,MCH-001,CNC Milling Unit A,Berlin,63.43,1.23,5.37,2061.0,0,3.2,94
2024-02-24,MCH-001,CNC Milling Unit A,Berlin,60.84,1.053,5.31,2007.0,0,3.2,94
2024-02-25,MCH-001,CNC Milling Unit A,Berlin,65.47,0.727,5.77,1871.0,0,3.2,94
2024-02-26,MCH-001,CNC Milling Unit A,Berlin,61.29,1.318,5.53,1914.0,0,3.2,94
2024-02-27,MCH-001,CNC Milling Unit A,Berlin,60.93,1.236,5.21,2017.0,0,3.2,94
2024-02-28,MCH-001,CNC Milling Unit A,Berlin,62.07,0.97,6.36,2051.0,0,3.2,94
2024-02-29,MCH-001,CNC Milling Unit A,Berlin,58.96,1.137,5.24,2068.0,0,3.2,94
2024-03-01,MCH-001,CNC Milling Unit A,Berlin,60.81,1.077,5.7,2069.0,0,3.2,94
2024-03-02,MCH-001,CNC Milling Unit A,Berlin,60.2,1.033,5.31,1948.0,0,3.2,94
2024-03-03,MCH-001,CNC Milling Unit A,Berlin,64.65,1.181,5.0,2073.0,0,3.2,94
2024-03-04,MCH-001,CNC Milling Unit A,Berlin,65.18,1.306,4.89,1961.0,0,3.2,94
2024-03-05,MCH-001,CNC Milling Unit A,Berlin,63.9,0.958,5.68,2062.0,0,3.2,94
2024-03-06,MCH-001,CNC Milling Unit A,Berlin,60.61,1.088,4.2,1918.0,0,3.2,94
2024-03-07,MCH-001,CNC Milling Unit A,Berlin,61.62,0.85,6.15,1886.0,0,3.2,94
2024-03-08,MCH-001,CNC Milling Unit A,Berlin,61.34,1.126,6.08,1885.0,0,3.2,94
2024-03-09,MCH-001,CNC Milling Unit A,Berlin,63.74,1.102,5.11,2037.0,0,3.2,94
2024-03-10,MCH-001,CNC Milling Unit A,Berlin,62.3,0.98,5.53,1969.0,0,3.2,94
2024-03-11,MCH-001,CNC Milling Unit A,Berlin,62.17,1.232,6.13,1901.0,0,3.2,94
2024-03-12,MCH-001,CNC Milling Unit A,Berlin,65.2,0.71,5.44,2047.0,0,3.2,94
2024-03-13,MCH-001,CNC Milling Unit A,Berlin,62.42,0.975,5.42,1961.0,0,3.2,94
2024-03-14,MCH-001,CNC Milling Unit A,Berlin,61.12,1.27,5.64,1945.0,0,3.2,94
2024-03-15,MCH-001,CNC Milling Unit A,Berlin,63.35,1.161,5.83,2050.0,0,3.2,94
2024-03-16,MCH-001,CNC Milling Unit A,Berlin,60.76,0.988,5.8,2049.0,0,3.2,94
2024-03-17,MCH-001,CNC Milling Unit A,Berlin,61.97,1.123,6.01,1953.0,0,3.2,94
2024-03-18,MCH-001,CNC Milling Unit A,Berlin,62.82,1.06,5.41,2088.0,0,3.2,94
2024-03-19,MCH-001,CNC Milling Unit A,Berlin,63.24,1.263,6.02,2002.0,0,3.2,94
2024-03-20,MCH-001,CNC Milling Unit A,Berlin,63.02,1.038,5.63,1990.0,0,3.2,94
2024-03-21,MCH-001,CNC Milling Unit A,Berlin,62.15,1.219,5.17,2167.0,0,3.2,94
2024-03-22,MCH-001,CNC Milling Unit A,Berlin,60.49,0.857,5.96,2063.0,0,3.2,94
2024-03-23,MCH-001,CNC Milling Unit A,Berlin,62.94,1.226,5.5,1928.0,0,3.2,94
2024-03-24,MCH-001,CNC Milling Unit A,Berlin,62.11,0.965,5.89,1988.0,0,3.2,94
2024-03-25,MCH-001,CNC Milling Unit A,Berlin,60.76,1.036,5.67,1955.0,0,3.2,94
2024-03-26,MCH-001,CNC Milling Unit A,Berlin,60.77,1.149,5.6,1959.0,0,3.2,94
2024-03-27,MCH-001,CNC Milling Unit A,Berlin,61.29,1.146,4.92,1887.0,0,3.2,94
2024-03-28,MCH-001,CNC Milling Unit A,Berlin,60.92,1.057,5.62,2118.0,0,3.2,94
2024-03-29,MCH-001,CNC Milling Unit A,Berlin,63.29,1.068,5.49,1920.0,0,3.2,94
2024-03-30,MCH-001,CNC Milling Unit A,Berlin,61.97,1.042,5.63,1934.0,0,3.2,94
2024-01-01,MCH-002,Hydraulic Press B2,Berlin,76.78,3.107,5.46,2032.0,0,7.8,67
2024-01-02,MCH-002,Hydraulic Press B2,Berlin,77.14,2.724,5.59,2001.0,0,7.8,67
2024-01-03,MCH-002,Hydraulic Press B2,Berlin,76.35,2.653,5.51,2040.0,0,7.8,67
2024-01-04,MCH-002,Hydraulic Press B2,Berlin,78.48,3.004,6.36,1939.0,0,7.8,67
2024-01-05,MCH-002,Hydraulic Press B2,Berlin,77.71,2.853,6.38,1935.0,0,7.8,67
2024-01-06,MCH-002,Hydraulic Press B2,Berlin,75.24,2.7,4.65,1958.0,0,7.8,67
2024-01-07,MCH-002,Hydraulic Press B2,Berlin,75.46,2.854,5.64,2150.0,0,7.8,67
2024-01-08,MCH-002,Hydraulic Press B2,Berlin,78.13,2.713,5.14,2039.0,0,7.8,67
2024-01-09,MCH-002,Hydraulic Press B2,Berlin,74.82,3.198,5.97,1962.0,0,7.8,67
2024-01-10,MCH-002,Hydraulic Press B2,Berlin,74.33,3.107,5.45,2099.0,0,7.8,67
2024-01-11,MCH-002,Hydraulic Press B2,Berlin,74.61,2.72,5.5,2004.0,0,7.8,67
2024-01-12,MCH-002,Hydraulic Press B2,Berlin,76.42,2.969,5.07,1989.0,0,7.8,67
2024-01-13,MCH-002,Hydraulic Press B2,Berlin,77.38,2.951,5.78,1910.0,0,7.8,67
2024-01-14,MCH-002,Hydraulic Press B2,Berlin,75.0,3.108,5.63,1940.0,0,7.8,67
2024-01-15,MCH-002,Hydraulic Press B2,Berlin,79.73,2.879,5.97,2005.0,0,7.8,67
2024-01-16,MCH-002,Hydraulic Press B2,Berlin,80.59,3.211,5.4,2078.0,0,7.8,67
2024-01-17,MCH-002,Hydraulic Press B2,Berlin,78.57,3.138,5.11,2055.0,0,7.8,67
2024-01-18,MCH-002,Hydraulic Press B2,Berlin,79.29,2.516,5.03,1837.0,0,7.8,67
2024-01-19,MCH-002,Hydraulic Press B2,Berlin,77.4,3.016,6.1,2006.0,0,7.8,67
2024-01-20,MCH-002,Hydraulic Press B2,Berlin,80.34,2.6,4.82,1996.0,0,7.8,67
2024-01-21,MCH-002,Hydraulic Press B2,Berlin,78.58,2.873,4.67,1993.0,0,7.8,67
2024-01-22,MCH-002,Hydraulic Press B2,Berlin,76.14,3.018,5.65,1925.0,0,7.8,67
2024-01-23,MCH-002,Hydraulic Press B2,Berlin,77.43,2.676,5.47,2076.0,0,7.8,67
2024-01-24,MCH-002,Hydraulic Press B2,Berlin,76.82,2.993,5.29,1937.0,0,7.8,67
2024-01-25,MCH-002,Hydraulic Press B2,Berlin,78.24,2.689,5.28,1904.0,0,7.8,67
2024-01-26,MCH-002,Hydraulic Press B2,Berlin,81.45,2.907,5.22,2017.0,0,7.8,67
2024-01-27,MCH-002,Hydraulic Press B2,Berlin,78.43,2.86,5.75,2061.0,0,7.8,67
2024-01-28,MCH-002,Hydraulic Press B2,Berlin,77.9,2.793,5.39,1816.0,0,7.8,67
2024-01-29,MCH-002,Hydraulic Press B2,Berlin,76.53,3.185,6.16,1980.0,0,7.8,67
2024-01-30,MCH-002,Hydraulic Press B2,Berlin,79.76,2.978,6.73,2090.0,0,7.8,67
2024-01-31,MCH-002,Hydraulic Press B2,Berlin,78.81,2.729,4.86,2016.0,0,7.8,67
2024-02-01,MCH-002,Hydraulic Press B2,Berlin,77.97,2.64,5.24,1913.0,0,7.8,67
2024-02-02,MCH-002,Hydraulic Press B2,Berlin,81.73,3.104,5.5,2118.0,0,7.8,67
2024-02-03,MCH-002,Hydraulic Press B2,Berlin,79.42,2.76,6.11,2043.0,0,7.8,67
2024-02-04,MCH-002,Hydraulic Press B2,Berlin,77.84,2.898,5.15,1889.0,0,7.8,67
2024-02-05,MCH-002,Hydraulic Press B2,Berlin,80.89,3.322,4.94,2045.0,0,7.8,67
2024-02-06,MCH-002,Hydraulic Press B2,Berlin,78.62,2.847,5.26,1931.0,0,7.8,67
2024-02-07,MCH-002,Hydraulic Press B2,Berlin,79.77,2.782,5.61,1996.0,0,7.8,67
2024-02-08,MCH-002,Hydraulic Press B2,Berlin,79.44,2.77,5.27,2060.0,0,7.8,67
2024-02-09,MCH-002,Hydraulic Press B2,Berlin,80.65,2.76,5.54,2060.0,0,7.8,67
2024-02-10,MCH-002,Hydraulic Press B2,Berlin,77.5,3.069,5.23,2046.0,0,7.8,67
2024-02-11,MCH-002,Hydraulic Press B2,Berlin,78.96,2.603,4.85,2004.0,0,7.8,67
2024-02-12,MCH-002,Hydraulic Press B2,Berlin,80.59,2.787,5.76,1867.0,0,7.8,67
2024-02-13,MCH-002,Hydraulic Press B2,Berlin,80.2,2.73,5.24,2004.0,0,7.8,67
2024-02-14,MCH-002,Hydraulic Press B2,Berlin,79.11,2.899,5.9,1954.0,0,7.8,67
2024-02-15,MCH-002,Hydraulic Press B2,Berlin,81.75,2.754,5.71,2115.0,0,7.8,67
2024-02-16,MCH-002,Hydraulic Press B2,Berlin,76.89,2.825,5.73,1984.0,0,7.8,67
2024-02-17,MCH-002,Hydraulic Press B2,Berlin,81.26,2.867,5.53,1988.0,0,7.8,67
2024-02-18,MCH-002,Hydraulic Press B2,Berlin,82.55,3.043,5.64,1967.0,0,7.8,67
2024-02-19,MCH-002,Hydraulic Press B2,Berlin,80.17,2.909,5.66,1966.0,0,7.8,67
2024-02-20,MCH-002,Hydraulic Press B2,Berlin,81.43,3.415,5.85,1974.0,0,7.8,67
2024-02-21,MCH-002,Hydraulic Press B2,Berlin,82.9,2.922,4.68,1919.0,0,7.8,67
2024-02-22,MCH-002,Hydraulic Press B2,Berlin,78.39,2.938,5.51,2134.0,0,7.8,67
2024-02-23,MCH-002,Hydraulic Press B2,Berlin,81.79,2.968,5.83,1823.0,0,7.8,67
2024-02-24,MCH-002,Hydraulic Press B2,Berlin,81.75,3.17,4.91,2092.0,0,7.8,67
2024-02-25,MCH-002,Hydraulic Press B2,Berlin,82.01,2.937,5.75,2182.0,0,7.8,67
2024-02-26,MCH-002,Hydraulic Press B2,Berlin,81.87,3.074,5.32,1932.0,0,7.8,67
2024-02-27,MCH-002,Hydraulic Press B2,Berlin,82.95,2.857,5.53,1962.0,0,7.8,67
2024-02-28,MCH-002,Hydraulic Press B2,Berlin,82.52,3.099,5.92,1959.0,0,7.8,67
2024-02-29,MCH-002,Hydraulic Press B2,Berlin,81.5,2.84,5.32,2030.0,0,7.8,67
2024-03-01,MCH-002,Hydraulic Press B2,Berlin,83.14,2.856,5.85,2108.0,0,7.8,67
2024-03-02,MCH-002,Hydraulic Press B2,Berlin,82.72,3.419,5.19,1900.0,0,7.8,67
2024-03-03,MCH-002,Hydraulic Press B2,Berlin,79.53,3.347,5.76,1996.0,0,7.8,67
2024-03-04,MCH-002,Hydraulic Press B2,Berlin,82.72,2.827,6.48,2010.0,0,7.8,67
2024-03-05,MCH-002,Hydraulic Press B2,Berlin,82.56,3.201,5.69,2018.0,0,7.8,67
2024-03-06,MCH-002,Hydraulic Press B2,Berlin,81.31,3.154,6.25,2108.0,0,7.8,67
2024-03-07,MCH-002,Hydraulic Press B2,Berlin,84.99,2.962,5.1,1990.0,0,7.8,67
2024-03-08,MCH-002,Hydraulic Press B2,Berlin,82.78,3.287,4.82,2122.0,0,7.8,67
2024-03-09,MCH-002,Hydraulic Press B2,Berlin,82.56,2.987,5.1,1868.0,0,7.8,67
2024-03-10,MCH-002,Hydraulic Press B2,Berlin,84.13,3.091,4.98,1896.0,0,7.8,67
2024-03-11,MCH-002,Hydraulic Press B2,Berlin,82.5,3.414,5.4,1880.0,0,7.8,67
2024-03-12,MCH-002,Hydraulic Press B2,Berlin,82.73,3.029,4.42,1996.0,0,7.8,67
2024-03-13,MCH-002,Hydraulic Press B2,Berlin,82.85,3.227,6.24,2090.0,0,7.8,67
2024-03-14,MCH-002,Hydraulic Press B2,Berlin,82.9,2.871,6.53,2005.0,0,7.8,67
2024-03-15,MCH-002,Hydraulic Press B2,Berlin,83.42,3.091,5.58,1988.0,0,7.8,67
2024-03-16,MCH-002,Hydraulic Press B2,Berlin,82.64,2.991,5.49,1957.0,0,7.8,67
2024-03-17,MCH-002,Hydraulic Press B2,Berlin,82.53,3.125,5.4,2120.0,0,7.8,67
2024-03-18,MCH-002,Hydraulic Press B2,Berlin,79.72,3.326,6.0,1834.0,0,7.8,67
2024-03-19,MCH-002,Hydraulic Press B2,Berlin,83.29,3.038,4.94,1938.0,0,7.8,67
2024-03-20,MCH-002,Hydraulic Press B2,Berlin,82.23,3.466,5.87,2102.0,0,7.8,67
2024-03-21,MCH-002,Hydraulic Press B2,Berlin,85.08,2.894,5.29,2039.0,0,7.8,67
2024-03-22,MCH-002,Hydraulic Press B2,Berlin,82.27,3.267,5.4,1970.0,0,7.8,67
2024-03-23,MCH-002,Hydraulic Press B2,Berlin,85.27,3.217,5.36,2093.0,0,7.8,67
2024-03-24,MCH-002,Hydraulic Press B2,Berlin,82.68,3.255,5.74,1975.0,0,7.8,67
2024-03-25,MCH-002,Hydraulic Press B2,Berlin,84.89,2.886,5.87,1985.0,0,7.8,67
2024-03-26,MCH-002,Hydraulic Press B2,Berlin,83.72,3.35,5.22,1887.0,0,7.8,67
2024-03-27,MCH-002,Hydraulic Press B2,Berlin,82.27,3.265,4.99,2140.0,0,7.8,67
2024-03-28,MCH-002,Hydraulic Press B2,Berlin,81.58,3.487,5.58,1992.0,0,7.8,67
2024-03-29,MCH-002,Hydraulic Press B2,Berlin,83.98,3.232,5.48,2088.0,0,7.8,67
2024-03-30,MCH-002,Hydraulic Press B2,Berlin,85.07,3.186,5.35,1995.0,0,7.8,67
2024-01-01,MCH-003,Conveyor Drive C,Berlin,55.46,0.458,4.96,2059.0,0,2.1,88
2024-01-02,MCH-003,Conveyor Drive C,Berlin,55.27,0.764,5.51,2028.0,0,2.1,88
2024-01-03,MCH-003,Conveyor Drive C,Berlin,54.21,0.645,5.58,1922.0,0,2.1,88
2024-01-04,MCH-003,Conveyor Drive C,Berlin,55.64,0.461,5.91,2038.0,0,2.1,88
2024-01-05,MCH-003,Conveyor Drive C,Berlin,55.42,0.998,6.17,2081.0,0,2.1,88
2024-01-06,MCH-003,Conveyor Drive C,Berlin,52.29,0.546,5.25,2002.0,0,2.1,88
2024-01-07,MCH-003,Conveyor Drive C,Berlin,55.84,0.657,5.57,1940.0,0,2.1,88
2024-01-08,MCH-003,Conveyor Drive C,Berlin,54.15,0.521,5.13,1892.0,0,2.1,88
2024-01-09,MCH-003,Conveyor Drive C,Berlin,53.62,1.014,5.12,2211.0,0,2.1,88
2024-01-10,MCH-003,Conveyor Drive C,Berlin,55.83,0.841,5.16,2056.0,0,2.1,88
2024-01-11,MCH-003,Conveyor Drive C,Berlin,54.24,0.828,6.52,1992.0,0,2.1,88
2024-01-12,MCH-003,Conveyor Drive C,Berlin,56.83,0.664,5.49,2142.0,0,2.1,88
2024-01-13,MCH-003,Conveyor Drive C,Berlin,54.18,1.167,5.78,1955.0,0,2.1,88
2024-01-14,MCH-003,Conveyor Drive C,Berlin,56.08,1.0,5.75,1874.0,0,2.1,88
2024-01-15,MCH-003,Conveyor Drive C,Berlin,54.05,0.756,5.47,2050.0,0,2.1,88
2024-01-16,MCH-003,Conveyor Drive C,Berlin,55.42,0.539,5.65,2049.0,0,2.1,88
2024-01-17,MCH-003,Conveyor Drive C,Berlin,56.0,1.023,5.83,2037.0,0,2.1,88
2024-01-18,MCH-003,Conveyor Drive C,Berlin,55.06,0.475,5.67,2017.0,0,2.1,88
2024-01-19,MCH-003,Conveyor Drive C,Berlin,55.59,0.552,5.07,2084.0,0,2.1,88
2024-01-20,MCH-003,Conveyor Drive C,Berlin,55.13,0.944,5.51,2002.0,0,2.1,88
2024-01-21,MCH-003,Conveyor Drive C,Berlin,56.61,0.705,5.54,1963.0,0,2.1,88
2024-01-22,MCH-003,Conveyor Drive C,Berlin,54.56,0.747,5.59,1962.0,0,2.1,88
2024-01-23,MCH-003,Conveyor Drive C,Berlin,57.1,0.63,5.43,1965.0,0,2.1,88
2024-01-24,MCH-003,Conveyor Drive C,Berlin,57.4,0.849,5.91,1881.0,0,2.1,88
2024-01-25,MCH-003,Conveyor Drive C,Berlin,55.64,0.988,5.53,2085.0,0,2.1,88
2024-01-26,MCH-003,Conveyor Drive C,Berlin,54.47,1.092,6.42,1971.0,0,2.1,88
2024-01-27,MCH-003,Conveyor Drive C,Berlin,54.59,1.101,6.13,1958.0,0,2.1,88
2024-01-28,MCH-003,Conveyor Drive C,Berlin,54.64,0.754,4.96,1927.0,0,2.1,88
2024-01-29,MCH-003,Conveyor Drive C,Berlin,53.77,0.658,5.49,2019.0,0,2.1,88
2024-01-30,MCH-003,Conveyor Drive C,Berlin,57.62,0.612,5.89,1983.0,0,2.1,88
2024-01-31,MCH-003,Conveyor Drive C,Berlin,55.23,0.947,5.05,2031.0,0,2.1,88
2024-02-01,MCH-003,Conveyor Drive C,Berlin,55.56,0.911,5.62,2196.0,0,2.1,88
2024-02-02,MCH-003,Conveyor Drive C,Berlin,54.36,0.707,5.25,1956.0,0,2.1,88
2024-02-03,MCH-003,Conveyor Drive C,Berlin,54.37,1.051,6.07,1954.0,0,2.1,88
2024-02-04,MCH-003,Conveyor Drive C,Berlin,54.09,0.908,5.28,2051.0,0,2.1,88
2024-02-05,MCH-003,Conveyor Drive C,Berlin,55.65,0.511,6.12,2144.0,0,2.1,88
2024-02-06,MCH-003,Conveyor Drive C,Berlin,54.44,0.737,5.61,2027.0,0,2.1,88
2024-02-07,MCH-003,Conveyor Drive C,Berlin,56.36,1.217,5.43,1936.0,0,2.1,88
2024-02-08,MCH-003,Conveyor Drive C,Berlin,53.31,0.669,5.49,2144.0,0,2.1,88
2024-02-09,MCH-003,Conveyor Drive C,Berlin,54.61,0.86,5.49,2095.0,0,2.1,88
2024-02-10,MCH-003,Conveyor Drive C,Berlin,59.19,0.71,5.3,2084.0,0,2.1,88
2024-02-11,MCH-003,Conveyor Drive C,Berlin,56.43,1.186,5.73,1971.0,0,2.1,88
2024-02-12,MCH-003,Conveyor Drive C,Berlin,56.31,1.039,5.83,2041.0,0,2.1,88
2024-02-13,MCH-003,Conveyor Drive C,Berlin,57.03,1.051,6.05,2052.0,0,2.1,88
2024-02-14,MCH-003,Conveyor Drive C,Berlin,55.19,0.847,5.98,1935.0,0,2.1,88
2024-02-15,MCH-003,Conveyor Drive C,Berlin,56.0,0.739,5.51,2102.0,0,2.1,88
2024-02-16,MCH-003,Conveyor Drive C,Berlin,55.75,0.828,4.96,2060.0,0,2.1,88
2024-02-17,MCH-003,Conveyor Drive C,Berlin,56.44,1.251,5.38,2018.0,0,2.1,88
2024-02-18,MCH-003,Conveyor Drive C,Berlin,55.85,1.135,5.46,2022.0,0,2.1,88
2024-02-19,MCH-003,Conveyor Drive C,Berlin,56.4,0.857,5.32,2016.0,0,2.1,88
2024-02-20,MCH-003,Conveyor Drive C,Berlin,57.11,0.615,5.55,1944.0,0,2.1,88
2024-02-21,MCH-003,Conveyor Drive C,Berlin,57.3,0.516,5.28,2030.0,0,2.1,88
2024-02-22,MCH-003,Conveyor Drive C,Berlin,57.87,0.808,5.28,2150.0,0,2.1,88
2024-02-23,MCH-003,Conveyor Drive C,Berlin,53.36,0.381,5.68,1960.0,0,2.1,88
2024-02-24,MCH-003,Conveyor Drive C,Berlin,54.01,0.963,5.6,1955.0,0,2.1,88
2024-02-25,MCH-003,Conveyor Drive C,Berlin,53.63,0.996,5.76,1992.0,0,2.1,88
2024-02-26,MCH-003,Conveyor Drive C,Berlin,58.33,0.608,4.89,1945.0,0,2.1,88
2024-02-27,MCH-003,Conveyor Drive C,Berlin,55.5,0.871,5.4,2028.0,0,2.1,88
2024-02-28,MCH-003,Conveyor Drive C,Berlin,53.7,1.112,5.47,2089.0,0,2.1,88
2024-02-29,MCH-003,Conveyor Drive C,Berlin,56.1,0.915,5.73,2036.0,0,2.1,88
2024-03-01,MCH-003,Conveyor Drive C,Berlin,56.56,1.09,5.58,2057.0,0,2.1,88
2024-03-02,MCH-003,Conveyor Drive C,Berlin,55.48,1.112,5.23,2144.0,0,2.1,88
2024-03-03,MCH-003,Conveyor Drive C,Berlin,55.56,0.539,5.55,1946.0,0,2.1,88
2024-03-04,MCH-003,Conveyor Drive C,Berlin,56.89,0.695,5.32,1849.0,0,2.1,88
2024-03-05,MCH-003,Conveyor Drive C,Berlin,54.96,0.341,4.87,2061.0,0,2.1,88
2024-03-06,MCH-003,Conveyor Drive C,Berlin,56.83,0.911,5.11,1996.0,0,2.1,88
2024-03-07,MCH-003,Conveyor Drive C,Berlin,55.65,0.595,6.1,2070.0,0,2.1,88
2024-03-08,MCH-003,Conveyor Drive C,Berlin,55.34,0.832,5.58,1837.0,0,2.1,88
2024-03-09,MCH-003,Conveyor Drive C,Berlin,55.31,0.691,5.1,1978.0,0,2.1,88
2024-03-10,MCH-003,Conveyor Drive C,Berlin,58.39,0.956,5.27,2046.0,0,2.1,88
2024-03-11,MCH-003,Conveyor Drive C,Berlin,57.8,1.013,5.52,1948.0,0,2.1,88
2024-03-12,MCH-003,Conveyor Drive C,Berlin,56.76,0.907,5.86,2051.0,0,2.1,88
2024-03-13,MCH-003,Conveyor Drive C,Berlin,57.29,0.722,6.03,2016.0,0,2.1,88
2024-03-14,MCH-003,Conveyor Drive C,Berlin,58.84,0.691,6.19,2016.0,0,2.1,88
2024-03-15,MCH-003,Conveyor Drive C,Berlin,54.76,0.733,5.37,2034.0,0,2.1,88
2024-03-16,MCH-003,Conveyor Drive C,Berlin,56.53,0.715,5.49,2171.0,0,2.1,88
2024-03-17,MCH-003,Conveyor Drive C,Berlin,58.35,0.918,5.52,2010.0,0,2.1,88
2024-03-18,MCH-003,Conveyor Drive C,Berlin,56.69,0.626,5.4,1867.0,0,2.1,88
2024-03-19,MCH-003,Conveyor Drive C,Berlin,56.38,0.961,5.31,2126.0,0,2.1,88
2024-03-20,MCH-003,Conveyor Drive C,Berlin,53.95,0.539,5.59,2084.0,0,2.1,88
2024-03-21,MCH-003,Conveyor Drive C,Berlin,58.33,0.74,5.93,1997.0,0,2.1,88
2024-03-22,MCH-003,Conveyor Drive C,Berlin,55.55,1.009,5.76,1874.0,0,2.1,88
2024-03-23,MCH-003,Conveyor Drive C,Berlin,58.03,1.109,5.25,2032.0,0,2.1,88
2024-03-24,MCH-003,Conveyor Drive C,Berlin,56.57,0.885,5.28,1946.0,0,2.1,88
2024-03-25,MCH-003,Conveyor Drive C,Berlin,55.8,1.068,5.72,1970.0,0,2.1,88
2024-03-26,MCH-003,Conveyor Drive C,Berlin,57.01,0.264,5.96,1861.0,0,2.1,88
2024-03-27,MCH-003,Conveyor Drive C,Berlin,55.32,0.61,4.98,2093.0,0,2.1,88
2024-03-28,MCH-003,Conveyor Drive C,Berlin,55.17,0.904,5.48,2038.0,0,2.1,88
2024-03-29,MCH-003,Conveyor Drive C,Berlin,56.0,0.579,5.9,1960.0,0,2.1,88
2024-03-30,MCH-003,Conveyor Drive C,Berlin,53.56,0.75,6.1,2068.0,0,2.1,88
2024-01-01,MCH-004,Welding Robot D1,Hamburg,78.48,4.13,5.37,2166.0,0,9.4,41
2024-01-02,MCH-004,Welding Robot D1,Hamburg,79.79,4.295,5.91,2019.0,0,9.4,41
2024-01-03,MCH-004,Welding Robot D1,Hamburg,79.05,4.178,5.47,1997.0,0,9.4,41
2024-01-04,MCH-004,Welding Robot D1,Hamburg,80.75,4.237,5.79,1994.0,0,9.4,41
2024-01-05,MCH-004,Welding Robot D1,Hamburg,80.0,3.836,5.87,2028.0,0,9.4,41
2024-01-06,MCH-004,Welding Robot D1,Hamburg,81.6,3.665,6.34,1989.0,0,9.4,41
2024-01-07,MCH-004,Welding Robot D1,Hamburg,81.98,4.045,5.75,1916.0,0,9.4,41
2024-01-08,MCH-004,Welding Robot D1,Hamburg,79.6,4.644,5.42,2017.0,0,9.4,41
2024-01-09,MCH-004,Welding Robot D1,Hamburg,82.07,4.37,5.56,2029.0,0,9.4,41
2024-01-10,MCH-004,Welding Robot D1,Hamburg,84.59,4.268,5.58,2084.0,0,9.4,41
2024-01-11,MCH-004,Welding Robot D1,Hamburg,82.86,4.525,5.76,1909.0,0,9.4,41
2024-01-12,MCH-004,Welding Robot D1,Hamburg,83.87,4.068,5.62,1940.0,0,9.4,41
2024-01-13,MCH-004,Welding Robot D1,Hamburg,81.54,4.371,5.63,2034.0,0,9.4,41
2024-01-14,MCH-004,Welding Robot D1,Hamburg,84.28,4.405,5.4,2077.0,0,9.4,41
2024-01-15,MCH-004,Welding Robot D1,Hamburg,83.86,4.078,5.74,2056.0,0,9.4,41
2024-01-16,MCH-004,Welding Robot D1,Hamburg,81.85,4.607,5.44,2010.0,0,9.4,41
2024-01-17,MCH-004,Welding Robot D1,Hamburg,82.26,4.344,5.06,1885.0,0,9.4,41
2024-01-18,MCH-004,Welding Robot D1,Hamburg,85.13,4.18,5.1,1828.0,0,9.4,41
2024-01-19,MCH-004,Welding Robot D1,Hamburg,82.0,4.094,6.16,2081.0,0,9.4,41
2024-01-20,MCH-004,Welding Robot D1,Hamburg,82.15,4.818,5.89,1974.0,0,9.4,41
2024-01-21,MCH-004,Welding Robot D1,Hamburg,79.65,4.834,4.94,1868.0,0,9.4,41
2024-01-22,MCH-004,Welding Robot D1,Hamburg,85.15,4.873,6.05,2045.0,0,9.4,41
2024-01-23,MCH-004,Welding Robot D1,Hamburg,84.73,4.564,5.8,2022.0,0,9.4,41
2024-01-24,MCH-004,Welding Robot D1,Hamburg,84.22,4.39,5.2,1978.0,0,9.4,41
2024-01-25,MCH-004,Welding Robot D1,Hamburg,81.74,4.392,5.1,1912.0,0,9.4,41
2024-01-26,MCH-004,Welding Robot D1,Hamburg,84.77,4.698,5.87,1874.0,0,9.4,41
2024-01-27,MCH-004,Welding Robot D1,Hamburg,83.24,4.617,5.11,1982.0,0,9.4,41
2024-01-28,MCH-004,Welding Robot D1,Hamburg,85.77,4.244,5.54,1893.0,0,9.4,41
2024-01-29,MCH-004,Welding Robot D1,Hamburg,84.26,4.51,4.86,2035.0,0,9.4,41
2024-01-30,MCH-004,Welding Robot D1,Hamburg,85.35,4.566,5.59,2109.0,0,9.4,41
2024-01-31,MCH-004,Welding Robot D1,Hamburg,85.79,4.378,5.55,2043.0,0,9.4,41
2024-02-01,MCH-004,Welding Robot D1,Hamburg,85.89,4.481,5.22,1947.0,0,9.4,41
2024-02-02,MCH-004,Welding Robot D1,Hamburg,83.94,4.832,5.0,1945.0,0,9.4,41
2024-02-03,MCH-004,Welding Robot D1,Hamburg,85.18,4.669,5.38,2100.0,0,9.4,41
2024-02-04,MCH-004,Welding Robot D1,Hamburg,85.47,4.555,5.17,2172.0,0,9.4,41
2024-02-05,MCH-004,Welding Robot D1,Hamburg,84.92,4.57,5.75,2033.0,0,9.4,41
2024-02-06,MCH-004,Welding Robot D1,Hamburg,86.64,4.491,5.52,1988.0,0,9.4,41
2024-02-07,MCH-004,Welding Robot D1,Hamburg,88.59,4.968,5.28,1890.0,0,9.4,41
2024-02-08,MCH-004,Welding Robot D1,Hamburg,87.23,5.05,5.18,2131.0,0,9.4,41
2024-02-09,MCH-004,Welding Robot D1,Hamburg,90.1,4.432,5.73,2130.0,0,9.4,41
2024-02-10,MCH-004,Welding Robot D1,Hamburg,86.15,4.41,5.27,1984.0,0,9.4,41
2024-02-11,MCH-004,Welding Robot D1,Hamburg,86.88,4.567,5.25,2056.0,0,9.4,41
2024-02-12,MCH-004,Welding Robot D1,Hamburg,89.79,4.591,5.69,2169.0,0,9.4,41
2024-02-13,MCH-004,Welding Robot D1,Hamburg,90.3,4.336,6.17,2034.0,0,9.4,41
2024-02-14,MCH-004,Welding Robot D1,Hamburg,88.82,4.451,5.1,2050.0,0,9.4,41
2024-02-15,MCH-004,Welding Robot D1,Hamburg,87.53,4.612,6.13,1975.0,0,9.4,41
2024-02-16,MCH-004,Welding Robot D1,Hamburg,91.09,4.362,5.29,1887.0,0,9.4,41
2024-02-17,MCH-004,Welding Robot D1,Hamburg,91.16,4.642,6.43,2031.0,0,9.4,41
2024-02-18,MCH-004,Welding Robot D1,Hamburg,88.77,4.695,5.7,2047.0,0,9.4,41
2024-02-19,MCH-004,Welding Robot D1,Hamburg,88.17,4.453,5.22,1981.0,0,9.4,41
2024-02-20,MCH-004,Welding Robot D1,Hamburg,90.13,4.782,5.16,1872.0,0,9.4,41
2024-02-21,MCH-004,Welding Robot D1,Hamburg,90.8,5.147,5.5,2067.0,0,9.4,41
2024-02-22,MCH-004,Welding Robot D1,Hamburg,89.86,4.75,5.32,2093.0,0,9.4,41
2024-02-23,MCH-004,Welding Robot D1,Hamburg,91.06,4.731,5.23,2079.0,0,9.4,41
2024-02-24,MCH-004,Welding Robot D1,Hamburg,89.1,4.605,5.09,2105.0,0,9.4,41
2024-02-25,MCH-004,Welding Robot D1,Hamburg,92.73,4.779,5.49,2065.0,0,9.4,41
2024-02-26,MCH-004,Welding Robot D1,Hamburg,90.34,4.799,4.49,2005.0,0,9.4,41
2024-02-27,MCH-004,Welding Robot D1,Hamburg,90.63,4.664,5.52,2042.0,0,9.4,41
2024-02-28,MCH-004,Welding Robot D1,Hamburg,89.06,4.581,4.34,2023.0,0,9.4,41
2024-02-29,MCH-004,Welding Robot D1,Hamburg,90.17,4.839,6.11,2098.0,0,9.4,41
2024-03-01,MCH-004,Welding Robot D1,Hamburg,91.17,4.715,5.27,1967.0,0,9.4,41
2024-03-02,MCH-004,Welding Robot D1,Hamburg,91.5,4.676,5.34,2014.0,0,9.4,41
2024-03-03,MCH-004,Welding Robot D1,Hamburg,90.34,4.928,5.7,2183.0,0,9.4,41
2024-03-04,MCH-004,Welding Robot D1,Hamburg,90.81,4.709,5.03,1856.0,0,9.4,41
2024-03-05,MCH-004,Welding Robot D1,Hamburg,94.4,4.916,5.49,1986.0,0,9.4,41
2024-03-06,MCH-004,Welding Robot D1,Hamburg,92.48,4.85,4.91,2015.0,1,9.4,41
2024-03-07,MCH-004,Welding Robot D1,Hamburg,92.03,4.775,4.72,2165.0,0,9.4,41
2024-03-08,MCH-004,Welding Robot D1,Hamburg,93.7,4.603,5.32,1929.0,0,9.4,41
2024-03-09,MCH-004,Welding Robot D1,Hamburg,90.51,4.709,5.15,1818.0,0,9.4,41
2024-03-10,MCH-004,Welding Robot D1,Hamburg,93.18,5.015,5.26,2146.0,0,9.4,41
2024-03-11,MCH-004,Welding Robot D1,Hamburg,94.27,5.0,6.06,2097.0,0,9.4,41
2024-03-12,MCH-004,Welding Robot D1,Hamburg,96.57,5.137,5.51,1940.0,0,9.4,41
2024-03-13,MCH-004,Welding Robot D1,Hamburg,94.97,5.178,5.41,2007.0,0,9.4,41
2024-03-14,MCH-004,Welding Robot D1,Hamburg,94.51,4.879,4.96,1922.0,0,9.4,41
2024-03-15,MCH-004,Welding Robot D1,Hamburg,96.3,5.083,5.32,1965.0,0,9.4,41
2024-03-16,MCH-004,Welding Robot D1,Hamburg,97.28,5.004,5.9,1939.0,0,9.4,41
2024-03-17,MCH-004,Welding Robot D1,Hamburg,93.84,4.768,5.61,1926.0,0,9.4,41
2024-03-18,MCH-004,Welding Robot D1,Hamburg,96.62,5.311,5.24,2074.0,0,9.4,41
2024-03-19,MCH-004,Welding Robot D1,Hamburg,98.34,5.246,5.8,2047.0,0,9.4,41
2024-03-20,MCH-004,Welding Robot D1,Hamburg,95.83,4.727,5.08,1843.0,0,9.4,41
2024-03-21,MCH-004,Welding Robot D1,Hamburg,97.47,4.934,5.31,1973.0,0,9.4,41
2024-03-22,MCH-004,Welding Robot D1,Hamburg,97.28,5.076,5.84,1953.0,0,9.4,41
2024-03-23,MCH-004,Welding Robot D1,Hamburg,98.3,4.759,5.99,1989.0,0,9.4,41
2024-03-24,MCH-004,Welding Robot D1,Hamburg,98.25,5.165,5.57,1896.0,0,9.4,41
2024-03-25,MCH-004,Welding Robot D1,Hamburg,97.34,4.922,5.83,2046.0,0,9.4,41
2024-03-26,MCH-004,Welding Robot D1,Hamburg,99.56,4.952,5.62,2136.0,0,9.4,41
2024-03-27,MCH-004,Welding Robot D1,Hamburg,95.07,4.972,6.22,2050.0,0,9.4,41
2024-03-28,MCH-004,Welding Robot D1,Hamburg,100.07,5.1,5.44,1902.0,1,9.4,41
2024-03-29,MCH-004,Welding Robot D1,Hamburg,99.6,4.789,6.02,1966.0,0,9.4,41
2024-03-30,MCH-004,Welding Robot D1,Hamburg,101.08,5.062,5.02,2036.0,0,9.4,41
2024-01-01,MCH-005,Compressor Unit E,Hamburg,71.42,2.191,4.92,1911.0,0,5.6,79
2024-01-02,MCH-005,Compressor Unit E,Hamburg,70.36,1.738,5.17,1832.0,0,5.6,79
2024-01-03,MCH-005,Compressor Unit E,Hamburg,71.96,1.971,4.82,2117.0,0,5.6,79
2024-01-04,MCH-005,Compressor Unit E,Hamburg,73.64,1.755,5.97,1954.0,0,5.6,79
2024-01-05,MCH-005,Compressor Unit E,Hamburg,71.43,1.739,6.39,1976.0,0,5.6,79
2024-01-06,MCH-005,Compressor Unit E,Hamburg,71.39,1.77,6.24,2151.0,0,5.6,79
2024-01-07,MCH-005,Compressor Unit E,Hamburg,73.69,2.101,5.25,2066.0,0,5.6,79
2024-01-08,MCH-005,Compressor Unit E,Hamburg,71.27,2.174,5.95,1948.0,0,5.6,79
2024-01-09,MCH-005,Compressor Unit E,Hamburg,72.74,2.049,4.39,2064.0,0,5.6,79
2024-01-10,MCH-005,Compressor Unit E,Hamburg,70.71,1.737,5.16,1989.0,0,5.6,79
2024-01-11,MCH-005,Compressor Unit E,Hamburg,72.12,1.643,5.58,2046.0,0,5.6,79
2024-01-12,MCH-005,Compressor Unit E,Hamburg,74.23,1.702,5.36,2021.0,0,5.6,79
2024-01-13,MCH-005,Compressor Unit E,Hamburg,73.2,1.858,5.98,1845.0,0,5.6,79
2024-01-14,MCH-005,Compressor Unit E,Hamburg,69.64,1.991,4.94,1906.0,0,5.6,79
2024-01-15,MCH-005,Compressor Unit E,Hamburg,70.77,2.077,4.74,2014.0,0,5.6,79
2024-01-16,MCH-005,Compressor Unit E,Hamburg,73.15,1.885,5.35,2032.0,0,5.6,79
2024-01-17,MCH-005,Compressor Unit E,Hamburg,71.35,2.204,5.06,1996.0,0,5.6,79
2024-01-18,MCH-005,Compressor Unit E,Hamburg,71.99,1.852,4.35,1987.0,0,5.6,79
2024-01-19,MCH-005,Compressor Unit E,Hamburg,73.07,2.084,5.64,1912.0,0,5.6,79
2024-01-20,MCH-005,Compressor Unit E,Hamburg,72.35,1.816,5.64,2010.0,0,5.6,79
2024-01-21,MCH-005,Compressor Unit E,Hamburg,70.34,1.754,5.64,1982.0,0,5.6,79
2024-01-22,MCH-005,Compressor Unit E,Hamburg,70.58,1.749,5.38,2125.0,0,5.6,79
2024-01-23,MCH-005,Compressor Unit E,Hamburg,71.09,1.932,5.54,1910.0,0,5.6,79
2024-01-24,MCH-005,Compressor Unit E,Hamburg,69.28,1.731,5.6,2007.0,0,5.6,79
2024-01-25,MCH-005,Compressor Unit E,Hamburg,73.01,1.958,5.46,1952.0,0,5.6,79
2024-01-26,MCH-005,Compressor Unit E,Hamburg,73.33,1.756,5.06,2045.0,0,5.6,79
2024-01-27,MCH-005,Compressor Unit E,Hamburg,70.04,2.425,5.53,2028.0,0,5.6,79
2024-01-28,MCH-005,Compressor Unit E,Hamburg,70.87,1.88,5.33,1957.0,0,5.6,79
2024-01-29,MCH-005,Compressor Unit E,Hamburg,73.07,1.855,5.91,2213.0,0,5.6,79
2024-01-30,MCH-005,Compressor Unit E,Hamburg,71.72,1.977,5.65,2145.0,0,5.6,79
2024-01-31,MCH-005,Compressor Unit E,Hamburg,72.08,1.782,4.99,1995.0,0,5.6,79
2024-02-01,MCH-005,Compressor Unit E,Hamburg,71.57,2.352,6.21,1917.0,0,5.6,79
2024-02-02,MCH-005,Compressor Unit E,Hamburg,71.21,1.966,6.06,2005.0,0,5.6,79
2024-02-03,MCH-005,Compressor Unit E,Hamburg,71.35,1.941,5.25,2048.0,0,5.6,79
2024-02-04,MCH-005,Compressor Unit E,Hamburg,71.3,1.852,5.96,1939.0,0,5.6,79
2024-02-05,MCH-005,Compressor Unit E,Hamburg,70.23,1.975,5.36,2041.0,0,5.6,79
2024-02-06,MCH-005,Compressor Unit E,Hamburg,72.92,1.951,5.48,1941.0,0,5.6,79
2024-02-07,MCH-005,Compressor Unit E,Hamburg,72.61,2.135,5.11,2000.0,0,5.6,79
2024-02-08,MCH-005,Compressor Unit E,Hamburg,74.08,2.062,6.02,1955.0,0,5.6,79
2024-02-09,MCH-005,Compressor Unit E,Hamburg,69.81,2.003,5.65,2109.0,0,5.6,79
2024-02-10,MCH-005,Compressor Unit E,Hamburg,74.38,2.071,5.81,1985.0,0,5.6,79
2024-02-11,MCH-005,Compressor Unit E,Hamburg,70.81,1.989,5.89,2053.0,0,5.6,79
2024-02-12,MCH-005,Compressor Unit E,Hamburg,73.93,1.882,5.39,2039.0,0,5.6,79
2024-02-13,MCH-005,Compressor Unit E,Hamburg,71.9,1.866,5.62,2061.0,0,5.6,79
2024-02-14,MCH-005,Compressor Unit E,Hamburg,72.46,1.738,5.21,2016.0,0,5.6,79
2024-02-15,MCH-005,Compressor Unit E,Hamburg,73.09,2.02,5.71,2000.0,0,5.6,79
2024-02-16,MCH-005,Compressor Unit E,Hamburg,73.24,1.965,5.96,2115.0,0,5.6,79
2024-02-17,MCH-005,Compressor Unit E,Hamburg,71.1,1.924,5.51,1979.0,0,5.6,79
2024-02-18,MCH-005,Compressor Unit E,Hamburg,75.61,2.022,5.18,2048.0,0,5.6,79
2024-02-19,MCH-005,Compressor Unit E,Hamburg,73.37,2.039,6.22,2028.0,0,5.6,79
2024-02-20,MCH-005,Compressor Unit E,Hamburg,72.54,1.589,5.43,2104.0,0,5.6,79
2024-02-21,MCH-005,Compressor Unit E,Hamburg,72.9,1.534,5.3,2079.0,0,5.6,79
2024-02-22,MCH-005,Compressor Unit E,Hamburg,73.9,1.815,5.27,1967.0,0,5.6,79
2024-02-23,MCH-005,Compressor Unit E,Hamburg,72.13,1.579,5.81,2101.0,0,5.6,79
2024-02-24,MCH-005,Compressor Unit E,Hamburg,70.88,2.235,5.46,2098.0,0,5.6,79
2024-02-25,MCH-005,Compressor Unit E,Hamburg,73.26,2.015,5.65,1937.0,0,5.6,79
2024-02-26,MCH-005,Compressor Unit E,Hamburg,75.03,1.765,5.34,2042.0,0,5.6,79
2024-02-27,MCH-005,Compressor Unit E,Hamburg,72.52,2.147,6.05,2081.0,0,5.6,79
2024-02-28,MCH-005,Compressor Unit E,Hamburg,70.42,2.018,5.91,1895.0,0,5.6,79
2024-02-29,MCH-005,Compressor Unit E,Hamburg,74.45,2.128,5.02,2067.0,0,5.6,79
2024-03-01,MCH-005,Compressor Unit E,Hamburg,73.81,2.126,5.11,2012.0,0,5.6,79
2024-03-02,MCH-005,Compressor Unit E,Hamburg,70.88,1.542,5.56,2088.0,0,5.6,79
2024-03-03,MCH-005,Compressor Unit E,Hamburg,73.86,1.987,5.42,1925.0,0,5.6,79
2024-03-04,MCH-005,Compressor Unit E,Hamburg,73.19,2.085,5.33,2060.0,0,5.6,79
2024-03-05,MCH-005,Compressor Unit E,Hamburg,73.85,2.066,5.86,1958.0,0,5.6,79
2024-03-06,MCH-005,Compressor Unit E,Hamburg,74.59,1.927,5.64,1948.0,0,5.6,79
2024-03-07,MCH-005,Compressor Unit E,Hamburg,72.27,2.024,4.75,1976.0,0,5.6,79
2024-03-08,MCH-005,Compressor Unit E,Hamburg,71.27,2.163,5.92,1931.0,0,5.6,79
2024-03-09,MCH-005,Compressor Unit E,Hamburg,74.36,2.189,5.86,2017.0,0,5.6,79
2024-03-10,MCH-005,Compressor Unit E,Hamburg,74.86,1.881,5.53,1963.0,0,5.6,79
2024-03-11,MCH-005,Compressor Unit E,Hamburg,72.7,2.019,5.64,2093.0,0,5.6,79
2024-03-12,MCH-005,Compressor Unit E,Hamburg,74.24,2.142,5.76,2215.0,0,5.6,79
2024-03-13,MCH-005,Compressor Unit E,Hamburg,71.16,1.878,6.09,1972.0,0,5.6,79
2024-03-14,MCH-005,Compressor Unit E,Hamburg,75.25,2.063,6.34,1911.0,0,5.6,79
2024-03-15,MCH-005,Compressor Unit E,Hamburg,75.79,2.368,5.09,2063.0,0,5.6,79
2024-03-16,MCH-005,Compressor Unit E,Hamburg,72.55,2.026,5.4,1808.0,0,5.6,79
2024-03-17,MCH-005,Compressor Unit E,Hamburg,74.68,2.05,6.09,2049.0,0,5.6,79
2024-03-18,MCH-005,Compressor Unit E,Hamburg,77.52,2.045,5.46,1985.0,0,5.6,79
2024-03-19,MCH-005,Compressor Unit E,Hamburg,73.46,1.583,5.41,1835.0,0,5.6,79
2024-03-20,MCH-005,Compressor Unit E,Hamburg,74.84,1.778,5.14,1946.0,0,5.6,79
2024-03-21,MCH-005,Compressor Unit E,Hamburg,73.89,2.029,5.93,1954.0,0,5.6,79
2024-03-22,MCH-005,Compressor Unit E,Hamburg,74.96,2.576,5.65,1986.0,0,5.6,79
2024-03-23,MCH-005,Compressor Unit E,Hamburg,73.11,1.992,5.15,2021.0,0,5.6,79
2024-03-24,MCH-005,Compressor Unit E,Hamburg,74.48,1.6,5.49,2086.0,0,5.6,79
2024-03-25,MCH-005,Compressor Unit E,Hamburg,73.76,1.904,4.95,1851.0,0,5.6,79
2024-03-26,MCH-005,Compressor Unit E,Hamburg,75.65,2.0,5.81,2123.0,0,5.6,79
2024-03-27,MCH-005,Compressor Unit E,Hamburg,75.82,1.929,5.56,1951.0,0,5.6,79
2024-03-28,MCH-005,Compressor Unit E,Hamburg,73.42,2.108,5.17,1823.0,0,5.6,79
2024-03-29,MCH-005,Compressor Unit E,Hamburg,73.19,1.979,6.11,1961.0,0,5.6,79
2024-03-30,MCH-005,Compressor Unit E,Hamburg,75.33,2.009,5.99,2093.0,0,5.6,79
2024-01-01,MCH-006,Spindle Motor F3,Munich,84.76,3.253,5.58,2061.0,0,6.3,55
2024-01-02,MCH-006,Spindle Motor F3,Munich,83.71,3.733,5.52,1940.0,0,6.3,55
2024-01-03,MCH-006,Spindle Motor F3,Munich,80.73,3.482,6.57,1961.0,0,6.3,55
2024-01-04,MCH-006,Spindle Motor F3,Munich,80.48,3.763,5.84,2103.0,0,6.3,55
2024-01-05,MCH-006,Spindle Motor F3,Munich,84.27,3.792,6.24,1940.0,0,6.3,55
2024-01-06,MCH-006,Spindle Motor F3,Munich,82.28,3.409,5.39,2115.0,0,6.3,55
2024-01-07,MCH-006,Spindle Motor F3,Munich,84.63,3.731,4.77,1945.0,0,6.3,55
2024-01-08,MCH-006,Spindle Motor F3,Munich,81.23,3.873,6.13,2062.0,0,6.3,55
2024-01-09,MCH-006,Spindle Motor F3,Munich,82.64,3.941,5.4,1903.0,0,6.3,55
2024-01-10,MCH-006,Spindle Motor F3,Munich,82.81,3.564,5.52,1987.0,0,6.3,55
2024-01-11,MCH-006,Spindle Motor F3,Munich,82.28,3.899,5.44,1943.0,0,6.3,55
2024-01-12,MCH-006,Spindle Motor F3,Munich,86.21,3.425,4.85,2102.0,0,6.3,55
2024-01-13,MCH-006,Spindle Motor F3,Munich,87.52,3.575,5.48,1908.0,0,6.3,55
2024-01-14,MCH-006,Spindle Motor F3,Munich,84.83,3.578,5.46,2033.0,0,6.3,55
2024-01-15,MCH-006,Spindle Motor F3,Munich,83.31,3.606,4.78,1972.0,0,6.3,55
2024-01-16,MCH-006,Spindle Motor F3,Munich,84.96,3.73,5.6,2072.0,0,6.3,55
2024-01-17,MCH-006,Spindle Motor F3,Munich,82.93,3.392,5.71,1837.0,0,6.3,55
2024-01-18,MCH-006,Spindle Motor F3,Munich,85.65,3.459,6.13,2020.0,0,6.3,55
2024-01-19,MCH-006,Spindle Motor F3,Munich,85.19,3.946,5.07,1930.0,0,6.3,55
2024-01-20,MCH-006,Spindle Motor F3,Munich,83.77,3.533,5.52,2040.0,0,6.3,55
2024-01-21,MCH-006,Spindle Motor F3,Munich,87.24,3.347,5.43,1911.0,0,6.3,55
2024-01-22,MCH-006,Spindle Motor F3,Munich,85.63,4.184,5.62,2072.0,0,6.3,55
2024-01-23,MCH-006,Spindle Motor F3,Munich,89.02,3.949,5.32,1898.0,1,6.3,55
2024-01-24,MCH-006,Spindle Motor F3,Munich,90.19,3.428,5.6,2037.0,0,6.3,55
2024-01-25,MCH-006,Spindle Motor F3,Munich,85.82,3.79,5.23,2070.0,0,6.3,55
2024-01-26,MCH-006,Spindle Motor F3,Munich,86.31,3.505,5.49,2031.0,0,6.3,55
2024-01-27,MCH-006,Spindle Motor F3,Munich,87.02,3.955,4.92,1933.0,0,6.3,55
2024-01-28,MCH-006,Spindle Motor F3,Munich,87.74,3.606,5.6,1806.0,0,6.3,55
2024-01-29,MCH-006,Spindle Motor F3,Munich,90.99,3.703,5.98,1973.0,0,6.3,55
2024-01-30,MCH-006,Spindle Motor F3,Munich,87.89,3.78,5.42,1988.0,0,6.3,55
2024-01-31,MCH-006,Spindle Motor F3,Munich,86.91,3.995,5.74,1765.0,0,6.3,55
2024-02-01,MCH-006,Spindle Motor F3,Munich,88.32,3.813,5.49,1969.0,0,6.3,55
2024-02-02,MCH-006,Spindle Motor F3,Munich,89.17,3.969,5.19,2033.0,0,6.3,55
2024-02-03,MCH-006,Spindle Motor F3,Munich,89.34,3.678,5.14,1945.0,0,6.3,55
2024-02-04,MCH-006,Spindle Motor F3,Munich,89.19,3.893,5.79,2041.0,0,6.3,55
2024-02-05,MCH-006,Spindle Motor F3,Munich,88.53,3.677,5.78,2095.0,0,6.3,55
2024-02-06,MCH-006,Spindle Motor F3,Munich,88.92,3.892,5.19,2017.0,0,6.3,55
2024-02-07,MCH-006,Spindle Motor F3,Munich,86.95,3.802,4.84,1869.0,0,6.3,55
2024-02-08,MCH-006,Spindle Motor F3,Munich,88.03,3.703,5.54,1989.0,0,6.3,55
2024-02-09,MCH-006,Spindle Motor F3,Munich,88.51,3.94,5.31,1982.0,0,6.3,55
2024-02-10,MCH-006,Spindle Motor F3,Munich,90.78,3.825,5.43,2007.0,1,6.3,55
2024-02-11,MCH-006,Spindle Motor F3,Munich,86.33,3.677,5.19,1925.0,0,6.3,55
2024-02-12,MCH-006,Spindle Motor F3,Munich,90.12,3.796,5.39,1840.0,0,6.3,55
2024-02-13,MCH-006,Spindle Motor F3,Munich,89.14,3.845,4.84,2096.0,0,6.3,55
2024-02-14,MCH-006,Spindle Motor F3,Munich,84.63,3.883,6.22,2099.0,0,6.3,55
2024-02-15,MCH-006,Spindle Motor F3,Munich,89.61,3.754,5.82,1922.0,0,6.3,55
2024-02-16,MCH-006,Spindle Motor F3,Munich,89.79,4.132,5.04,2005.0,0,6.3,55
2024-02-17,MCH-006,Spindle Motor F3,Munich,89.54,3.509,5.22,1967.0,0,6.3,55
2024-02-18,MCH-006,Spindle Motor F3,Munich,88.78,3.872,5.88,1917.0,0,6.3,55
2024-02-19,MCH-006,Spindle Motor F3,Munich,88.57,4.1,5.39,1938.0,0,6.3,55
2024-02-20,MCH-006,Spindle Motor F3,Munich,91.09,3.782,5.91,1947.0,0,6.3,55
2024-02-21,MCH-006,Spindle Motor F3,Munich,91.42,3.858,5.66,1992.0,0,6.3,55
2024-02-22,MCH-006,Spindle Motor F3,Munich,90.18,4.288,6.13,1894.0,0,6.3,55
2024-02-23,MCH-006,Spindle Motor F3,Munich,91.87,4.144,5.54,2016.0,0,6.3,55
2024-02-24,MCH-006,Spindle Motor F3,Munich,90.86,3.845,5.32,2011.0,0,6.3,55
2024-02-25,MCH-006,Spindle Motor F3,Munich,90.7,4.028,4.92,1816.0,0,6.3,55
2024-02-26,MCH-006,Spindle Motor F3,Munich,88.73,3.63,5.99,1974.0,0,6.3,55
2024-02-27,MCH-006,Spindle Motor F3,Munich,90.39,4.016,5.35,2168.0,0,6.3,55
2024-02-28,MCH-006,Spindle Motor F3,Munich,92.13,3.71,4.88,2065.0,0,6.3,55
2024-02-29,MCH-006,Spindle Motor F3,Munich,93.17,4.092,5.93,1891.0,0,6.3,55
2024-03-01,MCH-006,Spindle Motor F3,Munich,90.05,4.064,5.37,2048.0,0,6.3,55
2024-03-02,MCH-006,Spindle Motor F3,Munich,88.92,3.965,4.89,1909.0,0,6.3,55
2024-03-03,MCH-006,Spindle Motor F3,Munich,91.35,3.419,5.81,1807.0,0,6.3,55
2024-03-04,MCH-006,Spindle Motor F3,Munich,91.79,3.9,5.51,2044.0,0,6.3,55
2024-03-05,MCH-006,Spindle Motor F3,Munich,93.54,3.814,5.55,2124.0,0,6.3,55
2024-03-06,MCH-006,Spindle Motor F3,Munich,93.11,4.082,5.36,1954.0,1,6.3,55
2024-03-07,MCH-006,Spindle Motor F3,Munich,93.71,3.821,4.64,2020.0,0,6.3,55
2024-03-08,MCH-006,Spindle Motor F3,Munich,92.63,3.985,5.57,2020.0,0,6.3,55
2024-03-09,MCH-006,Spindle Motor F3,Munich,89.11,3.794,5.34,1986.0,0,6.3,55
2024-03-10,MCH-006,Spindle Motor F3,Munich,92.51,3.658,5.43,2133.0,1,6.3,55
2024-03-11,MCH-006,Spindle Motor F3,Munich,93.61,4.002,5.42,1948.0,0,6.3,55
2024-03-12,MCH-006,Spindle Motor F3,Munich,92.38,3.934,6.01,2045.0,0,6.3,55
2024-03-13,MCH-006,Spindle Motor F3,Munich,93.57,3.929,4.98,2126.0,0,6.3,55
2024-03-14,MCH-006,Spindle Motor F3,Munich,92.0,3.757,5.41,2037.0,0,6.3,55
2024-03-15,MCH-006,Spindle Motor F3,Munich,93.86,4.138,5.06,1988.0,0,6.3,55
2024-03-16,MCH-006,Spindle Motor F3,Munich,91.09,4.057,6.31,2001.0,1,6.3,55
2024-03-17,MCH-006,Spindle Motor F3,Munich,94.9,3.902,6.38,1848.0,0,6.3,55
2024-03-18,MCH-006,Spindle Motor F3,Munich,91.64,3.978,5.33,2047.0,0,6.3,55
2024-03-19,MCH-006,Spindle Motor F3,Munich,93.99,4.103,5.33,1871.0,0,6.3,55
2024-03-20,MCH-006,Spindle Motor F3,Munich,94.34,3.91,5.67,2002.0,0,6.3,55
2024-03-21,MCH-006,Spindle Motor F3,Munich,94.07,3.799,5.12,2066.0,0,6.3,55
2024-03-22,MCH-006,Spindle Motor F3,Munich,92.91,4.148,6.09,2028.0,0,6.3,55
2024-03-23,MCH-006,Spindle Motor F3,Munich,95.41,4.018,5.75,1898.0,0,6.3,55
2024-03-24,MCH-006,Spindle Motor F3,Munich,95.94,3.974,5.31,2021.0,0,6.3,55
2024-03-25,MCH-006,Spindle Motor F3,Munich,94.73,3.973,5.18,2027.0,0,6.3,55
2024-03-26,MCH-006,Spindle Motor F3,Munich,96.02,4.04,5.24,2106.0,0,6.3,55
2024-03-27,MCH-006,Spindle Motor F3,Munich,95.41,4.112,5.54,2047.0,0,6.3,55
2024-03-28,MCH-006,Spindle Motor F3,Munich,94.15,4.245,4.71,2071.0,0,6.3,55
2024-03-29,MCH-006,Spindle Motor F3,Munich,94.25,3.973,4.89,2003.0,1,6.3,55
2024-03-30,MCH-006,Spindle Motor F3,Munich,94.85,4.236,5.54,2047.0,0,6.3,55
